Артикул Поставщика;Категория
64012670;Брюки
64100900;Брюки
68487564;Брюки
68808473;Брюки
73276879;Брюки
75577238;Брюки
78130884;Джеггинсы
78136854;Джеггинсы
78138096;Джеггинсы
63762796;Джеггинсы
63617219;Джеггинсы
63416617;Джеггинсы
63780632;Джеггинсы
73246395;Джеггинсы
63818273;Джинсы
70455747;Джеггинсы
71854840;Джеггинсы
71876265;Джеггинсы
71458148;Джинсы
74602536;Джеггинсы
64153248;Шорты
68479459;Шорты
71413557;Шорты
71442898;Шорты
62581043;Шорты
33226018;Рюкзаки
33379515;Рюкзаки
75553319;Футболки
75561505;Футболки
75568408;Футболки
75573324;Футболки
75572291;Футболки
75574161;Футболки
73222735;Юбки
79626082;Джеггинсы
79660309;Джинсы
79667221;Джинсы
